model,data_preprocessing_methods_outlier,data_preprocessing_methods_encode,data_preprocessing_methods_scale,data_preprocessing_methods_correlation,data_preprocessing_methods_pca,data_preprocessing_methods_select_corr,valid_accuracy,valid_precision,valid_recall,valid_f1_score,valid_roc_auc,test_accuracy,test_precision,test_recall,test_f1_score,test_roc_auc
Gausian,,label,minmax,True,True,False,0.8580576307363927,0.6981132075471698,0.2402597402597402,0.357487922705314,0.8601117911462739,0.8560767590618337,0.5490196078431373,0.2,0.2931937172774869,0.8290279269602578
Gausian,,label,minmax,True,False,True,0.9370330843116328,0.8187919463087249,0.7922077922077922,0.8052805280528053,0.9738269393441809,0.929637526652452,0.7720588235294118,0.75,0.7608695652173914,0.9718671679197994
Gausian,,label,minmax,True,False,False,0.9370330843116328,0.8187919463087249,0.7922077922077922,0.8052805280528053,0.9738269393441809,0.929637526652452,0.7720588235294118,0.75,0.7608695652173914,0.9718671679197994
Gausian,,label,minmax,False,True,False,0.8441835645677694,0.5526315789473685,0.2727272727272727,0.3652173913043478,0.8541988024746645,0.8667377398720683,0.6086956521739131,0.3,0.4019138755980861,0.8365377730039384
Gausian,,label,minmax,False,False,True,0.911419423692636,0.6918918918918919,0.8311688311688312,0.7551622418879056,0.9653016204740342,0.9115138592750534,0.6628571428571428,0.8285714285714286,0.7365079365079366,0.958342284282134
Gausian,,label,minmax,False,False,False,0.911419423692636,0.6918918918918919,0.8311688311688312,0.7551622418879056,0.9653016204740342,0.9115138592750534,0.6628571428571428,0.8285714285714286,0.7365079365079366,0.958342284282134
Gausian,,label,standard,True,True,False,0.8420490928495198,0.5833333333333334,0.1363636363636363,0.2210526315789473,0.8360949395432155,0.8560767590618337,0.5806451612903226,0.1285714285714285,0.2105263157894736,0.8128714643752237
Gausian,,label,standard,True,False,True,0.9445037353255068,0.8541666666666666,0.7987012987012987,0.825503355704698,0.9797896866862384,0.9349680170575692,0.7969924812030075,0.7571428571428571,0.7765567765567766,0.9759846043680632
Gausian,,label,standard,True,False,False,0.9445037353255068,0.8541666666666666,0.7987012987012987,0.825503355704698,0.9797896866862384,0.9349680170575692,0.7969924812030075,0.7571428571428571,0.7765567765567766,0.9759846043680632
Gausian,,label,standard,False,True,False,0.847385272145144,0.582089552238806,0.2532467532467532,0.3529411764705882,0.8234313579141166,0.8635394456289979,0.6,0.2571428571428571,0.36,0.8106158252774794
Gausian,,label,standard,False,False,True,0.9220917822838848,0.7237569060773481,0.8506493506493507,0.7820895522388059,0.9696555041382628,0.9232409381663113,0.7073170731707317,0.8285714285714286,0.7631578947368421,0.962361260293591
Gausian,,label,standard,False,False,False,0.9220917822838848,0.7237569060773481,0.8506493506493507,0.7820895522388059,0.9696555041382628,0.9232409381663113,0.7073170731707317,0.8285714285714286,0.7631578947368421,0.962361260293591
Gausian,,feature-extraction,minmax,True,False,True,0.9402347918890076,0.8223684210526315,0.8116883116883117,0.8169934640522876,0.9719029374201787,0.9434968017057568,0.8175182481751825,0.8,0.8086642599277978,0.9739348370927318
Gausian,,feature-extraction,minmax,True,False,False,0.9402347918890076,0.8223684210526315,0.8116883116883117,0.8169934640522876,0.9719029374201787,0.9434968017057568,0.8175182481751825,0.8,0.8086642599277978,0.9739348370927318
Gausian,,feature-extraction,minmax,False,False,True,0.9188900747065102,0.7074468085106383,0.8636363636363636,0.7777777777777778,0.962042427559669,0.9264392324093816,0.7125748502994012,0.85,0.7752442996742671,0.962155388471178
Gausian,,feature-extraction,minmax,False,False,False,0.9188900747065102,0.7074468085106383,0.8636363636363636,0.7777777777777778,0.962042427559669,0.9264392324093816,0.7125748502994012,0.85,0.7752442996742671,0.962155388471178
Gausian,,feature-extraction,standard,True,False,True,0.9402347918890076,0.8223684210526315,0.8116883116883117,0.8169934640522876,0.9719112305319202,0.9434968017057568,0.8175182481751825,0.8,0.8086642599277978,0.9739348370927318
Gausian,,feature-extraction,standard,True,False,False,0.9402347918890076,0.8223684210526315,0.8116883116883117,0.8169934640522876,0.9719112305319202,0.9434968017057568,0.8175182481751825,0.8,0.8086642599277978,0.9739348370927318
Gausian,,feature-extraction,standard,False,False,True,0.9188900747065102,0.7074468085106383,0.8636363636363636,0.7777777777777778,0.9620590137831516,0.9264392324093816,0.7125748502994012,0.85,0.7752442996742671,0.962155388471178
Gausian,,feature-extraction,standard,False,False,False,0.9188900747065102,0.7074468085106383,0.8636363636363636,0.7777777777777778,0.9620590137831516,0.9264392324093816,0.7125748502994012,0.85,0.7752442996742671,0.962155388471178
Gausian,iqr,label,minmax,True,True,False,0.8431163287086446,0.524822695035461,0.4805194805194805,0.5016949152542373,0.861206481896137,0.8390191897654584,0.4598540145985401,0.45,0.4548736462093863,0.8499552452559971
Gausian,iqr,label,minmax,True,False,True,0.8751334044823906,0.5814977973568282,0.8571428571428571,0.6929133858267716,0.9311713191023536,0.8837953091684435,0.5741626794258373,0.8571428571428571,0.6876790830945558,0.9275689223057644
Gausian,iqr,label,minmax,True,False,False,0.8751334044823906,0.5814977973568282,0.8571428571428571,0.6929133858267716,0.9311713191023536,0.8837953091684435,0.5741626794258373,0.8571428571428571,0.6876790830945558,0.9275689223057644
Gausian,iqr,label,minmax,False,True,False,0.855923159018143,0.5655172413793104,0.5324675324675324,0.5484949832775919,0.8563135459687182,0.8486140724946695,0.4931506849315068,0.5142857142857142,0.5034965034965035,0.8507876834944504
Gausian,iqr,label,minmax,False,False,True,0.855923159018143,0.5390946502057613,0.8506493506493507,0.6599496221662469,0.9114295666019804,0.8518123667377399,0.5022222222222222,0.8071428571428572,0.6191780821917808,0.9033252774794128
Gausian,iqr,label,minmax,False,False,False,0.855923159018143,0.5390946502057613,0.8506493506493507,0.6599496221662469,0.9114295666019804,0.8518123667377399,0.5022222222222222,0.8071428571428572,0.6191780821917808,0.9033252774794128
Gausian,iqr,label,standard,True,True,False,0.7748132337246532,0.3891050583657587,0.6493506493506493,0.48661800486618,0.8329311174138759,0.7910447761194029,0.3823529411764705,0.65,0.4814814814814814,0.8367883995703544
Gausian,iqr,label,standard,True,False,True,0.8751334044823906,0.5814977973568282,0.8571428571428571,0.6929133858267716,0.9327718896684414,0.8837953091684435,0.5741626794258373,0.8571428571428571,0.6876790830945558,0.9291353383458648
Gausian,iqr,label,standard,True,False,False,0.8751334044823906,0.5814977973568282,0.8571428571428571,0.6929133858267716,0.9327718896684414,0.8837953091684435,0.5741626794258373,0.8571428571428571,0.6876790830945558,0.9291353383458648
Gausian,iqr,label,standard,False,True,False,0.7545357524012807,0.3416666666666667,0.5324675324675324,0.416243654822335,0.7835083179910767,0.7473347547974414,0.2918454935622318,0.4857142857142857,0.3646112600536193,0.7703813104189045
Gausian,iqr,label,standard,False,False,True,0.855923159018143,0.5390946502057613,0.8506493506493507,0.6599496221662469,0.9134282065316548,0.8539445628997868,0.5067264573991032,0.8071428571428572,0.6225895316804407,0.9050886143931256
Gausian,iqr,label,standard,False,False,False,0.855923159018143,0.5390946502057613,0.8506493506493507,0.6599496221662469,0.9134282065316548,0.8539445628997868,0.5067264573991032,0.8071428571428572,0.6225895316804407,0.9050886143931256
Gausian,iqr,feature-extraction,minmax,True,False,True,0.8697972251867663,0.5677966101694916,0.8701298701298701,0.6871794871794872,0.9140958020268364,0.8805970149253731,0.5666666666666667,0.85,0.68,0.9270363408521304
Gausian,iqr,feature-extraction,minmax,True,False,False,0.8697972251867663,0.5677966101694916,0.8701298701298701,0.6871794871794872,0.9140958020268364,0.8805970149253731,0.5666666666666667,0.85,0.68,0.9270363408521304
Gausian,iqr,feature-extraction,minmax,False,False,True,0.8537886872998933,0.5344129554655871,0.8571428571428571,0.6583541147132169,0.9015732032973413,0.8528784648187633,0.5043859649122807,0.8214285714285714,0.625,0.8991093805943431
Gausian,iqr,feature-extraction,minmax,False,False,False,0.8537886872998933,0.5344129554655871,0.8571428571428571,0.6583541147132169,0.9015732032973413,0.8528784648187633,0.5043859649122807,0.8214285714285714,0.625,0.8991093805943431
Gausian,iqr,feature-extraction,standard,True,False,True,0.8729989327641409,0.575107296137339,0.8701298701298701,0.6925064599483204,0.9178733144250386,0.8784648187633263,0.5613207547169812,0.85,0.6761363636363636,0.9257966344432512
Gausian,iqr,feature-extraction,standard,True,False,False,0.8729989327641409,0.575107296137339,0.8701298701298701,0.6925064599483204,0.9178733144250386,0.8784648187633263,0.5613207547169812,0.85,0.6761363636363636,0.9257966344432512
Gausian,iqr,feature-extraction,standard,False,False,True,0.8569903948772679,0.5409836065573771,0.8571428571428571,0.6633165829145728,0.9069305534822776,0.8528784648187633,0.5043859649122807,0.8214285714285714,0.625,0.8994092373791622
Gausian,iqr,feature-extraction,standard,False,False,False,0.8569903948772679,0.5409836065573771,0.8571428571428571,0.6633165829145728,0.9069305534822776,0.8528784648187633,0.5043859649122807,0.8214285714285714,0.625,0.8994092373791622
Gausian,zscore,label,minmax,True,True,False,0.8452508004268944,0.5529411764705883,0.3051948051948052,0.3933054393305439,0.8448192930951551,0.8582089552238806,0.5402298850574713,0.3357142857142857,0.4140969162995594,0.8356784819190832
Gausian,zscore,label,minmax,True,False,True,0.9231590181430096,0.75625,0.7857142857142857,0.7707006369426752,0.9595959595959596,0.9275053304904052,0.75,0.7714285714285715,0.7605633802816901,0.9642051557465092
Gausian,zscore,label,minmax,True,False,False,0.9231590181430096,0.75625,0.7857142857142857,0.7707006369426752,0.9595959595959596,0.9275053304904052,0.75,0.7714285714285715,0.7605633802816901,0.9642051557465092
Gausian,zscore,label,minmax,False,True,False,0.8377801494130203,0.5092592592592593,0.3571428571428571,0.4198473282442748,0.8587268414854622,0.8539445628997868,0.5157894736842106,0.35,0.4170212765957446,0.8460973863229503
Gausian,zscore,label,minmax,False,False,True,0.8836712913553896,0.6331360946745562,0.6948051948051948,0.6625386996904025,0.9304788442719476,0.8816631130063965,0.5935483870967742,0.6571428571428571,0.6237288135593221,0.9351056211958468
Gausian,zscore,label,minmax,False,False,False,0.8836712913553896,0.6331360946745562,0.6948051948051948,0.6625386996904025,0.9304788442719476,0.8816631130063965,0.5935483870967742,0.6571428571428571,0.6237288135593221,0.9351056211958468
Gausian,zscore,label,standard,True,True,False,0.848452508004269,0.575,0.2987012987012987,0.3931623931623931,0.8559735283873215,0.8614072494669509,0.5641025641025641,0.3142857142857143,0.4036697247706422,0.8311851056211957
Gausian,zscore,label,standard,True,False,True,0.9295624332977588,0.7857142857142857,0.7857142857142857,0.7857142857142857,0.9630376009686354,0.9307036247334756,0.7777777777777778,0.75,0.7636363636363637,0.9668277837450768
Gausian,zscore,label,standard,True,False,False,0.9295624332977588,0.7857142857142857,0.7857142857142857,0.7857142857142857,0.9630376009686354,0.9307036247334756,0.7777777777777778,0.75,0.7636363636363637,0.9668277837450768
Gausian,zscore,label,standard,False,True,False,0.8356456776947705,0.5,0.2467532467532467,0.3304347826086956,0.843318239869964,0.8528784648187633,0.5147058823529411,0.25,0.3365384615384615,0.817517006802721
Gausian,zscore,label,standard,False,False,True,0.887940234791889,0.6484848484848484,0.6948051948051948,0.670846394984326,0.9342853825612448,0.8880597014925373,0.6174496644295302,0.6571428571428571,0.6366782006920415,0.9398317221625492
Gausian,zscore,label,standard,False,False,False,0.887940234791889,0.6484848484848484,0.6948051948051948,0.670846394984326,0.9342853825612448,0.8880597014925373,0.6174496644295302,0.6571428571428571,0.6366782006920415,0.9398317221625492
Gausian,zscore,feature-extraction,minmax,True,False,True,0.9263607257203842,0.7544910179640718,0.8181818181818182,0.7850467289719626,0.9560050422119388,0.9339019189765458,0.76,0.8142857142857143,0.7862068965517242,0.9662056928034372
Gausian,zscore,feature-extraction,minmax,True,False,False,0.9263607257203842,0.7544910179640718,0.8181818181818182,0.7850467289719626,0.9560050422119388,0.9339019189765458,0.76,0.8142857142857143,0.7862068965517242,0.9662056928034372
Gausian,zscore,feature-extraction,minmax,False,False,True,0.8815368196371398,0.6228571428571429,0.7077922077922078,0.662613981762918,0.9301554129140336,0.8912579957356077,0.620253164556962,0.7,0.6577181208053692,0.9402434658073756
Gausian,zscore,feature-extraction,minmax,False,False,False,0.8815368196371398,0.6228571428571429,0.7077922077922078,0.662613981762918,0.9301554129140336,0.8912579957356077,0.620253164556962,0.7,0.6577181208053692,0.9402434658073756
Gausian,zscore,feature-extraction,standard,True,False,True,0.9263607257203842,0.7544910179640718,0.8181818181818182,0.7850467289719626,0.9560133353236802,0.9339019189765458,0.76,0.8142857142857143,0.7862068965517242,0.966232545649839
Gausian,zscore,feature-extraction,standard,True,False,False,0.9263607257203842,0.7544910179640718,0.8181818181818182,0.7850467289719626,0.9560133353236802,0.9339019189765458,0.76,0.8142857142857143,0.7862068965517242,0.966232545649839
Gausian,zscore,feature-extraction,standard,False,False,True,0.8815368196371398,0.6228571428571429,0.7077922077922078,0.662613981762918,0.930163706025775,0.8912579957356077,0.620253164556962,0.7,0.6577181208053692,0.940216612960974
Gausian,zscore,feature-extraction,standard,False,False,False,0.8815368196371398,0.6228571428571429,0.7077922077922078,0.662613981762918,0.930163706025775,0.8912579957356077,0.620253164556962,0.7,0.6577181208053692,0.940216612960974
Logistic Regression,,label,minmax,True,True,False,0.8356456776947705,0.0,0.0,0.0,0.7379874276426001,0.8507462686567164,0.0,0.0,0.0,0.7158521303258145
Logistic Regression,,label,minmax,True,False,True,0.8356456776947705,0.0,0.0,0.0,0.6129024232472509,0.8507462686567164,0.0,0.0,0.0,0.6266022198353026
Logistic Regression,,label,minmax,True,False,False,0.8356456776947705,0.0,0.0,0.0,0.6128941301355094,0.8507462686567164,0.0,0.0,0.0,0.6266022198353026
Logistic Regression,,label,minmax,False,True,False,0.8356456776947705,0.0,0.0,0.0,0.7569288948599293,0.8507462686567164,0.0,0.0,0.0,0.7345864661654136
Logistic Regression,,label,minmax,False,False,True,0.8356456776947705,0.0,0.0,0.0,0.6444162478645237,0.8507462686567164,0.0,0.0,0.0,0.6443877551020408
Logistic Regression,,label,minmax,False,False,False,0.8356456776947705,0.0,0.0,0.0,0.644399661641041,0.8507462686567164,0.0,0.0,0.0,0.644405656999642
Logistic Regression,,label,standard,True,True,False,0.8313767342582711,0.4523809523809524,0.1233766233766233,0.1938775510204081,0.8238294272777033,0.8571428571428571,0.5882352941176471,0.1428571428571428,0.2298850574712643,0.8001611170784103
Logistic Regression,,label,standard,True,False,True,0.8377801494130203,0.5116279069767442,0.2857142857142857,0.3666666666666666,0.8461710703090014,0.8582089552238806,0.5454545454545454,0.3,0.3870967741935484,0.8656283566058002
Logistic Regression,,label,standard,True,False,False,0.8377801494130203,0.5116279069767442,0.2857142857142857,0.3666666666666666,0.84616277719726,0.8582089552238806,0.5454545454545454,0.3,0.3870967741935484,0.8656283566058002
Logistic Regression,,label,standard,False,True,False,0.8367129135538954,0.5081967213114754,0.2012987012987013,0.2883720930232558,0.8315420211971938,0.8550106609808102,0.5285714285714286,0.2642857142857143,0.3523809523809524,0.8058181167203724
Logistic Regression,,label,standard,False,False,True,0.8356456776947705,0.5,0.3051948051948052,0.3790322580645161,0.8463535187673119,0.8603411513859275,0.5542168674698795,0.3285714285714285,0.4125560538116592,0.8636949516648765
Logistic Regression,,label,standard,False,False,False,0.8356456776947705,0.5,0.3051948051948052,0.3790322580645161,0.8463618118790533,0.8603411513859275,0.5542168674698795,0.3285714285714285,0.4125560538116592,0.8636949516648765
Logistic Regression,,feature-extraction,minmax,True,False,True,0.9156883671291356,0.8099173553719008,0.6363636363636364,0.7127272727272728,0.9628966180690318,0.9243070362473348,0.822429906542056,0.6285714285714286,0.7125506072874493,0.97093626924454
Logistic Regression,,feature-extraction,minmax,True,False,False,0.9156883671291356,0.8099173553719008,0.6363636363636364,0.7127272727272728,0.9628966180690318,0.9243070362473348,0.822429906542056,0.6285714285714286,0.7125506072874493,0.97093626924454
Logistic Regression,,feature-extraction,minmax,False,False,True,0.9188900747065102,0.819672131147541,0.6493506493506493,0.7246376811594203,0.9643313264002918,0.9232409381663113,0.8148148148148148,0.6285714285714286,0.7096774193548387,0.9713032581453632
Logistic Regression,,feature-extraction,minmax,False,False,False,0.9188900747065102,0.819672131147541,0.6493506493506493,0.7246376811594203,0.9643313264002918,0.9232409381663113,0.8148148148148148,0.6285714285714286,0.7096774193548387,0.9713032581453632
Logistic Regression,,feature-extraction,standard,True,False,True,0.96051227321238,0.8926174496644296,0.8636363636363636,0.8778877887788779,0.9912590602245774,0.957356076759062,0.8731343283582089,0.8357142857142857,0.8540145985401459,0.9853383458646616
Logistic Regression,,feature-extraction,standard,True,False,False,0.96051227321238,0.8926174496644296,0.8636363636363636,0.8778877887788779,0.9912590602245774,0.957356076759062,0.8731343283582089,0.8357142857142857,0.8540145985401459,0.9853383458646616
Logistic Regression,,feature-extraction,standard,False,False,True,0.9626467449306296,0.8940397350993378,0.8766233766233766,0.8852459016393442,0.9913419913419912,0.9552238805970148,0.8656716417910447,0.8285714285714286,0.8467153284671532,0.9848281417830288
Logistic Regression,,feature-extraction,standard,False,False,False,0.9626467449306296,0.8940397350993378,0.8766233766233766,0.8852459016393442,0.9913419913419912,0.9552238805970148,0.8656716417910447,0.8285714285714286,0.8467153284671532,0.9848281417830288
Logistic Regression,iqr,label,minmax,True,True,False,0.8324439701173959,0.3333333333333333,0.0194805194805194,0.0368098159509202,0.8098223615464994,0.8464818763326226,0.25,0.0142857142857142,0.027027027027027,0.799704618689581
Logistic Regression,iqr,label,minmax,True,False,True,0.8335112059765208,0.0,0.0,0.0,0.6703488082798428,0.8507462686567164,0.5,0.0071428571428571,0.0140845070422535,0.6909863945578232
Logistic Regression,iqr,label,minmax,True,False,False,0.8335112059765208,0.0,0.0,0.0,0.6704234462855152,0.8507462686567164,0.5,0.0071428571428571,0.0140845070422535,0.690968492660222
Logistic Regression,iqr,label,minmax,False,True,False,0.7961579509071505,0.2533333333333333,0.1233766233766233,0.1659388646288209,0.8025575956610439,0.8017057569296375,0.2444444444444444,0.1571428571428571,0.1913043478260869,0.7833512352309344
Logistic Regression,iqr,label,minmax,False,False,True,0.8217716115261473,0.3333333333333333,0.0844155844155844,0.1347150259067357,0.7299265230299713,0.8347547974413646,0.3076923076923077,0.0857142857142857,0.1340782122905028,0.7243555316863587
Logistic Regression,iqr,label,minmax,False,False,False,0.8217716115261473,0.3333333333333333,0.0844155844155844,0.1347150259067357,0.729959695476937,0.8347547974413646,0.3076923076923077,0.0857142857142857,0.1340782122905028,0.7244002864303616
Logistic Regression,iqr,label,standard,True,True,False,0.7897545357524013,0.4150197628458498,0.6818181818181818,0.515970515970516,0.847813106433796,0.7910447761194029,0.3833333333333333,0.6571428571428571,0.4842105263157895,0.8435642678123881
Logistic Regression,iqr,label,standard,True,False,True,0.8100320170757738,0.4449541284403669,0.6298701298701299,0.521505376344086,0.8476555373107096,0.7921108742004265,0.3839662447257383,0.65,0.4827586206896552,0.838515932688865
Logistic Regression,iqr,label,standard,True,False,False,0.8100320170757738,0.4449541284403669,0.6298701298701299,0.521505376344086,0.8476638304224511,0.7921108742004265,0.3839662447257383,0.65,0.4827586206896552,0.8385159326888649
Logistic Regression,iqr,label,standard,False,True,False,0.8068303094983992,0.4171779141104294,0.4415584415584415,0.4290220820189274,0.8105023967092932,0.7878464818763327,0.327485380116959,0.4,0.360128617363344,0.7842284282133907
Logistic Regression,iqr,label,standard,False,False,True,0.8046958377801494,0.4331797235023041,0.6103896103896104,0.5067385444743935,0.8424557562488597,0.7878464818763327,0.3765690376569037,0.6428571428571429,0.4749340369393139,0.8330200501253133
Logistic Regression,iqr,label,standard,False,False,False,0.8046958377801494,0.4331797235023041,0.6103896103896104,0.5067385444743935,0.8424640493606013,0.7878464818763327,0.3765690376569037,0.6428571428571429,0.4749340369393139,0.8330021482277121
Logistic Regression,iqr,feature-extraction,minmax,True,False,True,0.9082177161152616,0.7207792207792207,0.7207792207792207,0.7207792207792207,0.9517175034416414,0.9093816631130064,0.6923076923076923,0.7071428571428572,0.6996466431095406,0.9546276405298962
Logistic Regression,iqr,feature-extraction,minmax,True,False,False,0.9082177161152616,0.7207792207792207,0.7207792207792207,0.7207792207792207,0.9517175034416414,0.9093816631130064,0.6923076923076923,0.7071428571428572,0.6996466431095406,0.9546276405298962
Logistic Regression,iqr,feature-extraction,minmax,False,False,True,0.9071504802561366,0.7161290322580646,0.7207792207792207,0.7184466019417476,0.9509130716027268,0.9093816631130064,0.6950354609929078,0.7,0.697508896797153,0.9539473684210528
Logistic Regression,iqr,feature-extraction,minmax,False,False,False,0.9071504802561366,0.7161290322580646,0.7207792207792207,0.7184466019417476,0.9509130716027268,0.9093816631130064,0.6950354609929078,0.7,0.697508896797153,0.9539473684210528
Logistic Regression,iqr,feature-extraction,standard,True,False,True,0.9551760939167556,0.917910447761194,0.7987012987012987,0.8541666666666666,0.981854671509844,0.9541577825159916,0.907563025210084,0.7714285714285715,0.833976833976834,0.9743823845327606
Logistic Regression,iqr,feature-extraction,standard,True,False,False,0.9551760939167556,0.917910447761194,0.7987012987012987,0.8541666666666666,0.981854671509844,0.9541577825159916,0.907563025210084,0.7714285714285715,0.833976833976834,0.9743823845327606
Logistic Regression,iqr,feature-extraction,standard,False,False,True,0.9541088580576308,0.9111111111111112,0.7987012987012987,0.8512110726643599,0.9791345308586688,0.957356076759062,0.9310344827586208,0.7714285714285715,0.84375,0.9723326172574293
Logistic Regression,iqr,feature-extraction,standard,False,False,False,0.9541088580576308,0.9111111111111112,0.7987012987012987,0.8512110726643599,0.97914282397041,0.957356076759062,0.9310344827586208,0.7714285714285715,0.84375,0.9723326172574293
Logistic Regression,zscore,label,minmax,True,True,False,0.8356456776947705,0.0,0.0,0.0,0.7614154683120201,0.849680170575693,0.0,0.0,0.0,0.7493018259935553
Logistic Regression,zscore,label,minmax,True,False,True,0.8356456776947705,0.0,0.0,0.0,0.6293642500539053,0.8507462686567164,0.0,0.0,0.0,0.642937701396348
Logistic Regression,zscore,label,minmax,True,False,False,0.8356456776947705,0.0,0.0,0.0,0.6293559569421638,0.8507462686567164,0.0,0.0,0.0,0.642937701396348
Logistic Regression,zscore,label,minmax,False,True,False,0.8292422625400213,0.125,0.0064935064935064,0.0123456790123456,0.7823804547942479,0.8507462686567164,0.5,0.0142857142857142,0.0277777777777777,0.7696383816684568
Logistic Regression,zscore,label,minmax,False,False,True,0.8356456776947705,0.0,0.0,0.0,0.6664261664261664,0.8507462686567164,0.0,0.0,0.0,0.670452918009309
Logistic Regression,zscore,label,minmax,False,False,False,0.8356456776947705,0.0,0.0,0.0,0.666417873314425,0.8507462686567164,0.0,0.0,0.0,0.6704618689581096
Logistic Regression,zscore,label,standard,True,True,False,0.8388473852721452,0.5168539325842697,0.2987012987012987,0.3786008230452675,0.840407357648737,0.8507462686567164,0.5,0.2857142857142857,0.3636363636363636,0.8113319011815252
Logistic Regression,zscore,label,standard,True,False,True,0.8345784418356457,0.4958677685950413,0.3896103896103896,0.4363636363636363,0.8621684828581382,0.8486140724946695,0.4915254237288136,0.4142857142857143,0.4496124031007752,0.864670605084139
Logistic Regression,zscore,label,standard,True,False,False,0.8345784418356457,0.4958677685950413,0.3896103896103896,0.4363636363636363,0.8621601897463966,0.8486140724946695,0.4915254237288136,0.4142857142857143,0.4496124031007752,0.864670605084139
Logistic Regression,zscore,label,standard,False,True,False,0.8335112059765208,0.4848484848484848,0.2077922077922078,0.2909090909090909,0.8188867326798361,0.8422174840085288,0.4333333333333333,0.1857142857142857,0.26,0.7902345148585751
Logistic Regression,zscore,label,standard,False,False,True,0.8356456776947705,0.5,0.3961038961038961,0.4420289855072464,0.8601283773697568,0.8539445628997868,0.512396694214876,0.4428571428571428,0.475095785440613,0.8625760830648049
Logistic Regression,zscore,label,standard,False,False,False,0.8356456776947705,0.5,0.3961038961038961,0.4420289855072464,0.8601532567049809,0.8539445628997868,0.512396694214876,0.4428571428571428,0.475095785440613,0.862593984962406
Logistic Regression,zscore,feature-extraction,minmax,True,False,True,0.9306296691568836,0.8345864661654135,0.7207792207792207,0.7735191637630662,0.9710819193577812,0.9317697228144988,0.8220338983050848,0.6928571428571428,0.751937984496124,0.9739348370927318
Logistic Regression,zscore,feature-extraction,minmax,True,False,False,0.9306296691568836,0.8345864661654135,0.7207792207792207,0.7735191637630662,0.9710819193577812,0.9317697228144988,0.8220338983050848,0.6928571428571428,0.751937984496124,0.9739348370927318
Logistic Regression,zscore,feature-extraction,minmax,False,False,True,0.9316969050160084,0.8409090909090909,0.7207792207792207,0.7762237762237763,0.9741669569255776,0.9328358208955224,0.8290598290598291,0.6928571428571428,0.754863813229572,0.9756444683136412
Logistic Regression,zscore,feature-extraction,minmax,False,False,False,0.9316969050160084,0.8409090909090909,0.7207792207792207,0.7762237762237763,0.9741669569255776,0.9328358208955224,0.8290598290598291,0.6928571428571428,0.754863813229572,0.9756444683136412
Logistic Regression,zscore,feature-extraction,standard,True,False,True,0.9637139807897546,0.8947368421052632,0.8831168831168831,0.8888888888888888,0.9915327329120434,0.9562899786780384,0.8778625954198473,0.8214285714285714,0.8487084870848709,0.982876834944504
Logistic Regression,zscore,feature-extraction,standard,True,False,False,0.9637139807897546,0.8947368421052632,0.8831168831168831,0.8888888888888888,0.9915327329120434,0.9562899786780384,0.8778625954198473,0.8214285714285714,0.8487084870848709,0.982876834944504
Logistic Regression,zscore,feature-extraction,standard,False,False,True,0.9637139807897546,0.8947368421052632,0.8831168831168831,0.8888888888888888,0.9915410260237848,0.957356076759062,0.8846153846153846,0.8214285714285714,0.8518518518518519,0.9826441102756894
Logistic Regression,zscore,feature-extraction,standard,False,False,False,0.9637139807897546,0.8947368421052632,0.8831168831168831,0.8888888888888888,0.9915410260237848,0.957356076759062,0.8846153846153846,0.8214285714285714,0.8518518518518519,0.9826441102756894
Perceptron,,label,minmax,True,True,False,0.8356456776947705,0.0,0.0,0.0,,0.8507462686567164,0.0,0.0,0.0,
Perceptron,,label,minmax,True,False,True,0.8356456776947705,0.0,0.0,0.0,,0.8507462686567164,0.0,0.0,0.0,
Perceptron,,label,minmax,True,False,False,0.8356456776947705,0.0,0.0,0.0,,0.8507462686567164,0.0,0.0,0.0,
Perceptron,,label,minmax,False,True,False,0.8356456776947705,0.0,0.0,0.0,,0.8464818763326226,0.0,0.0,0.0,
Perceptron,,label,minmax,False,False,True,0.8356456776947705,0.0,0.0,0.0,,0.8507462686567164,0.0,0.0,0.0,
Perceptron,,label,minmax,False,False,False,0.8356456776947705,0.0,0.0,0.0,,0.8507462686567164,0.0,0.0,0.0,
Perceptron,,label,standard,True,True,False,0.8196371398078975,0.0,0.0,0.0,,0.8390191897654584,0.0,0.0,0.0,
Perceptron,,label,standard,True,False,True,0.8356456776947705,0.0,0.0,0.0,,0.8507462686567164,0.0,0.0,0.0,
Perceptron,,label,standard,True,False,False,0.8356456776947705,0.0,0.0,0.0,,0.8507462686567164,0.0,0.0,0.0,
Perceptron,,label,standard,False,True,False,0.8217716115261473,0.217391304347826,0.0324675324675324,0.0564971751412429,,0.8315565031982942,0.1785714285714285,0.0357142857142857,0.0595238095238095,
Perceptron,,label,standard,False,False,True,0.8324439701173959,0.0,0.0,0.0,,0.849680170575693,0.0,0.0,0.0,
Perceptron,,label,standard,False,False,False,0.8324439701173959,0.0,0.0,0.0,,0.849680170575693,0.0,0.0,0.0,
Perceptron,,feature-extraction,minmax,True,False,True,0.8356456776947705,0.0,0.0,0.0,,0.8507462686567164,0.0,0.0,0.0,
Perceptron,,feature-extraction,minmax,True,False,False,0.8356456776947705,0.0,0.0,0.0,,0.8507462686567164,0.0,0.0,0.0,
Perceptron,,feature-extraction,minmax,False,False,True,0.8356456776947705,0.0,0.0,0.0,,0.8507462686567164,0.0,0.0,0.0,
Perceptron,,feature-extraction,minmax,False,False,False,0.8356456776947705,0.0,0.0,0.0,,0.8507462686567164,0.0,0.0,0.0,
Perceptron,,feature-extraction,standard,True,False,True,0.8303094983991463,0.1428571428571428,0.0064935064935064,0.0124223602484472,,0.849680170575693,0.3333333333333333,0.0071428571428571,0.0139860139860139,
Perceptron,,feature-extraction,standard,True,False,False,0.8303094983991463,0.1428571428571428,0.0064935064935064,0.0124223602484472,,0.849680170575693,0.3333333333333333,0.0071428571428571,0.0139860139860139,
Perceptron,,feature-extraction,standard,False,False,True,0.8356456776947705,0.0,0.0,0.0,,0.8507462686567164,0.0,0.0,0.0,
Perceptron,,feature-extraction,standard,False,False,False,0.8356456776947705,0.0,0.0,0.0,,0.8507462686567164,0.0,0.0,0.0,
Perceptron,iqr,label,minmax,True,True,False,0.8356456776947705,0.0,0.0,0.0,,0.8507462686567164,0.0,0.0,0.0,
Perceptron,iqr,label,minmax,True,False,True,0.8356456776947705,0.0,0.0,0.0,,0.8507462686567164,0.0,0.0,0.0,
Perceptron,iqr,label,minmax,True,False,False,0.8356456776947705,0.0,0.0,0.0,,0.8507462686567164,0.0,0.0,0.0,
Perceptron,iqr,label,minmax,False,True,False,0.8356456776947705,0.0,0.0,0.0,,0.849680170575693,0.0,0.0,0.0,
Perceptron,iqr,label,minmax,False,False,True,0.8356456776947705,0.0,0.0,0.0,,0.8507462686567164,0.0,0.0,0.0,
Perceptron,iqr,label,minmax,False,False,False,0.8356456776947705,0.0,0.0,0.0,,0.8507462686567164,0.0,0.0,0.0,
Perceptron,iqr,label,standard,True,True,False,0.823906083244397,0.0,0.0,0.0,,0.8400852878464818,0.0,0.0,0.0,
Perceptron,iqr,label,standard,True,False,True,0.8345784418356457,0.0,0.0,0.0,,0.849680170575693,0.0,0.0,0.0,
Perceptron,iqr,label,standard,True,False,False,0.8345784418356457,0.0,0.0,0.0,,0.849680170575693,0.0,0.0,0.0,
Perceptron,iqr,label,standard,False,True,False,0.823906083244397,0.0,0.0,0.0,,0.8347547974413646,0.0,0.0,0.0,
Perceptron,iqr,label,standard,False,False,True,0.8356456776947705,0.0,0.0,0.0,,0.8507462686567164,0.5,0.0071428571428571,0.0140845070422535,
Perceptron,iqr,label,standard,False,False,False,0.8356456776947705,0.0,0.0,0.0,,0.8507462686567164,0.5,0.0071428571428571,0.0140845070422535,
Perceptron,iqr,feature-extraction,minmax,True,False,True,0.8356456776947705,0.0,0.0,0.0,,0.8507462686567164,0.0,0.0,0.0,
Perceptron,iqr,feature-extraction,minmax,True,False,False,0.8356456776947705,0.0,0.0,0.0,,0.8507462686567164,0.0,0.0,0.0,
Perceptron,iqr,feature-extraction,minmax,False,False,True,0.8356456776947705,0.0,0.0,0.0,,0.8507462686567164,0.0,0.0,0.0,
Perceptron,iqr,feature-extraction,minmax,False,False,False,0.8356456776947705,0.0,0.0,0.0,,0.8507462686567164,0.0,0.0,0.0,
Perceptron,iqr,feature-extraction,standard,True,False,True,0.8335112059765208,0.25,0.0064935064935064,0.0126582278481012,,0.849680170575693,0.3333333333333333,0.0071428571428571,0.0139860139860139,
Perceptron,iqr,feature-extraction,standard,True,False,False,0.8335112059765208,0.25,0.0064935064935064,0.0126582278481012,,0.849680170575693,0.3333333333333333,0.0071428571428571,0.0139860139860139,
Perceptron,iqr,feature-extraction,standard,False,False,True,0.8356456776947705,0.0,0.0,0.0,,0.8507462686567164,0.0,0.0,0.0,
Perceptron,iqr,feature-extraction,standard,False,False,False,0.8356456776947705,0.0,0.0,0.0,,0.8507462686567164,0.0,0.0,0.0,
Perceptron,zscore,label,minmax,True,True,False,0.8335112059765208,0.0,0.0,0.0,,0.8507462686567164,0.0,0.0,0.0,
Perceptron,zscore,label,minmax,True,False,True,0.8025613660618997,0.1555555555555555,0.0454545454545454,0.0703517587939698,,0.8102345415778252,0.1607142857142857,0.0642857142857142,0.0918367346938775,
Perceptron,zscore,label,minmax,True,False,False,0.8025613660618997,0.1555555555555555,0.0454545454545454,0.0703517587939698,,0.8102345415778252,0.1607142857142857,0.0642857142857142,0.0918367346938775,
Perceptron,zscore,label,minmax,False,True,False,0.8292422625400213,0.0,0.0,0.0,,0.847547974413646,0.0,0.0,0.0,
Perceptron,zscore,label,minmax,False,False,True,0.7822838847385272,0.1794871794871795,0.0909090909090909,0.1206896551724138,,0.7985074626865671,0.1975308641975308,0.1142857142857142,0.1447963800904977,
Perceptron,zscore,label,minmax,False,False,False,0.7822838847385272,0.1794871794871795,0.0909090909090909,0.1206896551724138,,0.7985074626865671,0.1975308641975308,0.1142857142857142,0.1447963800904977,
Perceptron,zscore,label,standard,True,True,False,0.8303094983991463,0.3076923076923077,0.0259740259740259,0.0479041916167664,,0.8443496801705757,0.0,0.0,0.0,
Perceptron,zscore,label,standard,True,False,True,0.8014941302027748,0.1521739130434782,0.0454545454545454,0.07,,0.8134328358208955,0.1698113207547169,0.0642857142857142,0.0932642487046632,
Perceptron,zscore,label,standard,True,False,False,0.8014941302027748,0.1521739130434782,0.0454545454545454,0.07,,0.8134328358208955,0.1698113207547169,0.0642857142857142,0.0932642487046632,
Perceptron,zscore,label,standard,False,True,False,0.8089647812166488,0.0967741935483871,0.0194805194805194,0.0324324324324324,,0.8294243070362474,0.1153846153846153,0.0214285714285714,0.036144578313253,
Perceptron,zscore,label,standard,False,False,True,0.7908217716115261,0.2083333333333333,0.0974025974025974,0.1327433628318584,,0.8123667377398721,0.25,0.1285714285714285,0.1698113207547169,
Perceptron,zscore,label,standard,False,False,False,0.7908217716115261,0.2083333333333333,0.0974025974025974,0.1327433628318584,,0.8123667377398721,0.25,0.1285714285714285,0.1698113207547169,
Perceptron,zscore,feature-extraction,minmax,True,False,True,0.8356456776947705,0.0,0.0,0.0,,0.8507462686567164,0.0,0.0,0.0,
Perceptron,zscore,feature-extraction,minmax,True,False,False,0.8356456776947705,0.0,0.0,0.0,,0.8507462686567164,0.0,0.0,0.0,
Perceptron,zscore,feature-extraction,minmax,False,False,True,0.8356456776947705,0.0,0.0,0.0,,0.8507462686567164,0.0,0.0,0.0,
Perceptron,zscore,feature-extraction,minmax,False,False,False,0.8356456776947705,0.0,0.0,0.0,,0.8507462686567164,0.0,0.0,0.0,
Perceptron,zscore,feature-extraction,standard,True,False,True,0.8303094983991463,0.1428571428571428,0.0064935064935064,0.0124223602484472,,0.849680170575693,0.3333333333333333,0.0071428571428571,0.0139860139860139,
Perceptron,zscore,feature-extraction,standard,True,False,False,0.8303094983991463,0.1428571428571428,0.0064935064935064,0.0124223602484472,,0.849680170575693,0.3333333333333333,0.0071428571428571,0.0139860139860139,
Perceptron,zscore,feature-extraction,standard,False,False,True,0.8356456776947705,0.0,0.0,0.0,,0.8507462686567164,0.0,0.0,0.0,
Perceptron,zscore,feature-extraction,standard,False,False,False,0.8356456776947705,0.0,0.0,0.0,,0.8507462686567164,0.0,0.0,0.0,
Random_Forest,,label,minmax,True,True,False,0.8762006403415155,0.7111111111111111,0.4155844155844156,0.5245901639344263,0.8815950971123383,0.8656716417910447,0.5813953488372093,0.3571428571428571,0.4424778761061947,0.8587226996061582
Random_Forest,,label,minmax,True,False,True,0.9946638207043756,0.9869281045751634,0.9805194805194806,0.98371335504886,0.999742913536017,0.9936034115138592,0.9926470588235294,0.9642857142857144,0.9782608695652174,0.9982858933046904
Random_Forest,,label,minmax,True,False,False,0.9946638207043756,0.9869281045751634,0.9805194805194806,0.98371335504886,0.999742913536017,0.9936034115138592,0.9926470588235294,0.9642857142857144,0.9782608695652174,0.9982858933046904
Random_Forest,,label,minmax,False,True,False,0.8655282817502669,0.6891891891891891,0.3311688311688311,0.4473684210526316,0.8682597734321872,0.8688699360341151,0.6268656716417911,0.3,0.4057971014492754,0.8638292158968851
Random_Forest,,label,minmax,False,False,True,0.9957310565635006,0.993421052631579,0.9805194805194806,0.9869281045751634,0.9996309565275082,0.9925373134328358,0.9784172661870504,0.9714285714285714,0.974910394265233,0.9948666308628716
Random_Forest,,label,minmax,False,False,False,0.9957310565635006,0.993421052631579,0.9805194805194806,0.9869281045751634,0.9996309565275082,0.9925373134328358,0.9784172661870504,0.9714285714285714,0.974910394265233,0.9948666308628716
Random_Forest,,label,standard,True,True,False,0.8751334044823906,0.7846153846153846,0.3311688311688311,0.4657534246575342,0.8921439352473836,0.8678038379530917,0.6538461538461539,0.2428571428571428,0.3541666666666667,0.8661161833154315
Random_Forest,,label,standard,True,False,True,0.9946638207043756,0.9869281045751634,0.9805194805194806,0.98371335504886,0.999742913536017,0.9936034115138592,0.9926470588235294,0.9642857142857144,0.9782608695652174,0.9982903687790906
Random_Forest,,label,standard,True,False,False,0.9946638207043756,0.9869281045751634,0.9805194805194806,0.98371335504886,0.999742913536017,0.9936034115138592,0.9926470588235294,0.9642857142857144,0.9782608695652174,0.9982903687790906
Random_Forest,,label,standard,False,True,False,0.8527214514407684,0.5975609756097561,0.3181818181818182,0.4152542372881356,0.8675299795989452,0.8550106609808102,0.527027027027027,0.2785714285714286,0.3644859813084112,0.8382876834944504
Random_Forest,,label,standard,False,False,True,0.9957310565635006,0.993421052631579,0.9805194805194806,0.9869281045751634,0.9996309565275082,0.9925373134328358,0.9784172661870504,0.9714285714285714,0.974910394265233,0.9948621553884712
Random_Forest,,label,standard,False,False,False,0.9957310565635006,0.993421052631579,0.9805194805194806,0.9869281045751634,0.9996309565275082,0.9925373134328358,0.9784172661870504,0.9714285714285714,0.974910394265233,0.9948621553884712
Random_Forest,,feature-extraction,minmax,True,False,True,0.9946638207043756,0.9869281045751634,0.9805194805194806,0.98371335504886,0.9997346204242756,0.9925373134328358,0.9784172661870504,0.9714285714285714,0.974910394265233,0.9982679914070892
Random_Forest,,feature-extraction,minmax,True,False,False,0.9946638207043756,0.9869281045751634,0.9805194805194806,0.98371335504886,0.9997346204242756,0.9925373134328358,0.9784172661870504,0.9714285714285714,0.974910394265233,0.9982679914070892
Random_Forest,,feature-extraction,minmax,False,False,True,0.9946638207043756,0.9869281045751634,0.9805194805194806,0.98371335504886,0.9996102237481548,0.9925373134328358,0.9784172661870504,0.9714285714285714,0.974910394265233,0.9948487289652704
Random_Forest,,feature-extraction,minmax,False,False,False,0.9946638207043756,0.9869281045751634,0.9805194805194806,0.98371335504886,0.9996102237481548,0.9925373134328358,0.9784172661870504,0.9714285714285714,0.974910394265233,0.9948487289652704
Random_Forest,,feature-extraction,standard,True,False,True,0.9946638207043756,0.9869281045751634,0.9805194805194806,0.98371335504886,0.999742913536017,0.9925373134328358,0.9784172661870504,0.9714285714285714,0.974910394265233,0.9982635159326888
Random_Forest,,feature-extraction,standard,True,False,False,0.9946638207043756,0.9869281045751634,0.9805194805194806,0.98371335504886,0.999742913536017,0.9925373134328358,0.9784172661870504,0.9714285714285714,0.974910394265233,0.9982635159326888
Random_Forest,,feature-extraction,standard,False,False,True,0.9946638207043756,0.9869281045751634,0.9805194805194806,0.98371335504886,0.999606077192284,0.9925373134328358,0.9784172661870504,0.9714285714285714,0.974910394265233,0.9948487289652704
Random_Forest,,feature-extraction,standard,False,False,False,0.9946638207043756,0.9869281045751634,0.9805194805194806,0.98371335504886,0.999606077192284,0.9925373134328358,0.9784172661870504,0.9714285714285714,0.974910394265233,0.9948487289652704
Random_Forest,iqr,label,minmax,True,True,False,0.8591248665955176,0.5797101449275363,0.5194805194805194,0.547945205479452,0.883187374566685,0.8699360341151386,0.5671641791044776,0.5428571428571428,0.5547445255474452,0.8828499820981024
Random_Forest,iqr,label,minmax,True,False,True,0.9946638207043756,0.9806451612903224,0.987012987012987,0.9838187702265372,0.999796818762336,0.9936034115138592,0.9785714285714284,0.9785714285714284,0.9785714285714284,0.9968537414965988
Random_Forest,iqr,label,minmax,True,False,False,0.9946638207043756,0.9806451612903224,0.987012987012987,0.9838187702265372,0.999796818762336,0.9936034115138592,0.9785714285714284,0.9785714285714284,0.9785714285714284,0.9968537414965988
Random_Forest,iqr,label,minmax,False,True,False,0.8153681963713981,0.4497354497354497,0.551948051948052,0.4956268221574344,0.833785307923239,0.7846481876332623,0.3523809523809524,0.5285714285714286,0.4228571428571429,0.8078231292517007
Random_Forest,iqr,label,minmax,False,False,True,0.9946638207043756,0.9869281045751634,0.9805194805194806,0.98371335504886,0.999510706407258,0.9946695095948828,0.9787234042553192,0.9857142857142858,0.98220640569395,0.9945846759756534
Random_Forest,iqr,label,minmax,False,False,False,0.9946638207043756,0.9869281045751634,0.9805194805194806,0.98371335504886,0.999510706407258,0.9946695095948828,0.9787234042553192,0.9857142857142858,0.98220640569395,0.9945846759756534
Random_Forest,iqr,label,standard,True,True,False,0.8143009605122732,0.4586776859504132,0.7207792207792207,0.5606060606060606,0.8868985420709558,0.8155650319829424,0.4297872340425532,0.7214285714285714,0.5386666666666666,0.8898540995345506
Random_Forest,iqr,label,standard,True,False,True,0.9946638207043756,0.9806451612903224,0.987012987012987,0.9838187702265372,0.9998051118740774,0.9936034115138592,0.9785714285714284,0.9785714285714284,0.9785714285714284,0.9968492660221984
Random_Forest,iqr,label,standard,True,False,False,0.9946638207043756,0.9806451612903224,0.987012987012987,0.9838187702265372,0.9998051118740774,0.9936034115138592,0.9785714285714284,0.9785714285714284,0.9785714285714284,0.9968492660221984
Random_Forest,iqr,label,standard,False,True,False,0.816435432230523,0.4423076923076923,0.448051948051948,0.4451612903225806,0.8376208721036308,0.8368869936034116,0.4551724137931034,0.4714285714285714,0.4631578947368421,0.8052407805227355
Random_Forest,iqr,label,standard,False,False,True,0.9946638207043756,0.9869281045751634,0.9805194805194806,0.98371335504886,0.999510706407258,0.9946695095948828,0.9787234042553192,0.9857142857142858,0.98220640569395,0.994575725026853
Random_Forest,iqr,label,standard,False,False,False,0.9946638207043756,0.9869281045751634,0.9805194805194806,0.98371335504886,0.999510706407258,0.9946695095948828,0.9787234042553192,0.9857142857142858,0.98220640569395,0.994575725026853
Random_Forest,iqr,feature-extraction,minmax,True,False,True,0.9957310565635006,0.9746835443037974,1.0,0.9871794871794872,0.9998714567680084,0.9936034115138592,0.9785714285714284,0.9785714285714284,0.9785714285714284,0.99703276047261
Random_Forest,iqr,feature-extraction,minmax,True,False,False,0.9957310565635006,0.9746835443037974,1.0,0.9871794871794872,0.9998714567680084,0.9936034115138592,0.9785714285714284,0.9785714285714284,0.9785714285714284,0.99703276047261
Random_Forest,iqr,feature-extraction,minmax,False,False,True,0.9946638207043756,0.9869281045751634,0.9805194805194806,0.98371335504886,0.9997263273125342,0.9936034115138592,0.9855072463768116,0.9714285714285714,0.9784172661870504,0.9945085929108488
Random_Forest,iqr,feature-extraction,minmax,False,False,False,0.9946638207043756,0.9869281045751634,0.9805194805194806,0.98371335504886,0.9997263273125342,0.9936034115138592,0.9855072463768116,0.9714285714285714,0.9784172661870504,0.9945085929108488
Random_Forest,iqr,feature-extraction,standard,True,False,True,0.9957310565635006,0.9746835443037974,1.0,0.9871794871794872,0.9998838964356204,0.9936034115138592,0.9785714285714284,0.9785714285714284,0.9785714285714284,0.99703276047261
Random_Forest,iqr,feature-extraction,standard,True,False,False,0.9957310565635006,0.9746835443037974,1.0,0.9871794871794872,0.9998838964356204,0.9936034115138592,0.9785714285714284,0.9785714285714284,0.9785714285714284,0.99703276047261
Random_Forest,iqr,feature-extraction,standard,False,False,True,0.9946638207043756,0.9869281045751634,0.9805194805194806,0.98371335504886,0.9997263273125344,0.9936034115138592,0.9855072463768116,0.9714285714285714,0.9784172661870504,0.9945085929108488
Random_Forest,iqr,feature-extraction,standard,False,False,False,0.9946638207043756,0.9869281045751634,0.9805194805194806,0.98371335504886,0.9997263273125344,0.9936034115138592,0.9855072463768116,0.9714285714285714,0.9784172661870504,0.9945085929108488
Random_Forest,zscore,label,minmax,True,True,False,0.8633938100320171,0.6444444444444445,0.3766233766233766,0.4754098360655737,0.8909165547096581,0.8763326226012793,0.6621621621621622,0.35,0.4579439252336448,0.8600116362334408
Random_Forest,zscore,label,minmax,True,False,True,0.9946638207043756,0.9869281045751634,0.9805194805194806,0.98371335504886,0.9998009653182068,0.9925373134328358,0.9784172661870504,0.9714285714285714,0.974910394265233,0.9993913354815612
Random_Forest,zscore,label,minmax,True,False,False,0.9946638207043756,0.9869281045751634,0.9805194805194806,0.98371335504886,0.9998009653182068,0.9925373134328358,0.9784172661870504,0.9714285714285714,0.974910394265233,0.9993913354815612
Random_Forest,zscore,label,minmax,False,True,False,0.8708644610458911,0.726027397260274,0.3441558441558441,0.4669603524229075,0.8789910600255427,0.8635394456289979,0.5909090909090909,0.2785714285714286,0.3786407766990291,0.8550975653419262
Random_Forest,zscore,label,minmax,False,False,True,0.9935965848452508,0.986842105263158,0.974025974025974,0.9803921568627452,0.9991582491582492,0.9936034115138592,0.9855072463768116,0.9714285714285714,0.9784172661870504,0.9945802005012532
Random_Forest,zscore,label,minmax,False,False,False,0.9935965848452508,0.986842105263158,0.974025974025974,0.9803921568627452,0.9991582491582492,0.9936034115138592,0.9855072463768116,0.9714285714285714,0.9784172661870504,0.9945802005012532
Random_Forest,zscore,label,standard,True,True,False,0.8676627534685165,0.734375,0.3051948051948052,0.4311926605504587,0.8924798062729097,0.8699360341151386,0.6875,0.2357142857142857,0.351063829787234,0.8668859649122806
Random_Forest,zscore,label,standard,True,False,True,0.9946638207043756,0.9869281045751634,0.9805194805194806,0.98371335504886,0.9998009653182068,0.9925373134328358,0.9784172661870504,0.9714285714285714,0.974910394265233,0.9993913354815612
Random_Forest,zscore,label,standard,True,False,False,0.9946638207043756,0.9869281045751634,0.9805194805194806,0.98371335504886,0.9998009653182068,0.9925373134328358,0.9784172661870504,0.9714285714285714,0.974910394265233,0.9993913354815612
Random_Forest,zscore,label,standard,False,True,False,0.8623265741728922,0.6506024096385542,0.3506493506493506,0.4556962025316455,0.8742639863329519,0.8528784648187633,0.5128205128205128,0.2857142857142857,0.3669724770642202,0.8314894378804153
Random_Forest,zscore,label,standard,False,False,True,0.9935965848452508,0.986842105263158,0.974025974025974,0.9803921568627452,0.9991582491582492,0.9936034115138592,0.9855072463768116,0.9714285714285714,0.9784172661870504,0.9945802005012532
Random_Forest,zscore,label,standard,False,False,False,0.9935965848452508,0.986842105263158,0.974025974025974,0.9803921568627452,0.9991582491582492,0.9936034115138592,0.9855072463768116,0.9714285714285714,0.9784172661870504,0.9945802005012532
Random_Forest,zscore,feature-extraction,minmax,True,False,True,0.9935965848452508,0.9805194805194806,0.9805194805194806,0.9805194805194806,0.9997760859829824,0.9936034115138592,0.9855072463768116,0.9714285714285714,0.9784172661870504,0.9974803079126388
Random_Forest,zscore,feature-extraction,minmax,True,False,False,0.9935965848452508,0.9805194805194806,0.9805194805194806,0.9805194805194806,0.9997760859829824,0.9936034115138592,0.9855072463768116,0.9714285714285714,0.9784172661870504,0.9974803079126388
Random_Forest,zscore,feature-extraction,minmax,False,False,True,0.9946638207043756,0.9869281045751634,0.9805194805194806,0.98371335504886,0.9997926722064652,0.9936034115138592,0.9785714285714284,0.9785714285714284,0.9785714285714284,0.9946652345148584
Random_Forest,zscore,feature-extraction,minmax,False,False,False,0.9946638207043756,0.9869281045751634,0.9805194805194806,0.98371335504886,0.9997926722064652,0.9936034115138592,0.9785714285714284,0.9785714285714284,0.9785714285714284,0.9946652345148584
Random_Forest,zscore,feature-extraction,standard,True,False,True,0.9935965848452508,0.9805194805194806,0.9805194805194806,0.9805194805194806,0.9997802325388532,0.9936034115138592,0.9855072463768116,0.9714285714285714,0.9784172661870504,0.9974892588614394
Random_Forest,zscore,feature-extraction,standard,True,False,False,0.9935965848452508,0.9805194805194806,0.9805194805194806,0.9805194805194806,0.9997802325388532,0.9936034115138592,0.9855072463768116,0.9714285714285714,0.9784172661870504,0.9974892588614394
Random_Forest,zscore,feature-extraction,standard,False,False,True,0.9946638207043756,0.9869281045751634,0.9805194805194806,0.98371335504886,0.9997926722064654,0.9936034115138592,0.9785714285714284,0.9785714285714284,0.9785714285714284,0.9946652345148586
Random_Forest,zscore,feature-extraction,standard,False,False,False,0.9946638207043756,0.9869281045751634,0.9805194805194806,0.98371335504886,0.9997926722064654,0.9936034115138592,0.9785714285714284,0.9785714285714284,0.9785714285714284,0.9946652345148586
SVC_poly,,label,minmax,True,True,False,0.8356456776947705,0.0,0.0,0.0,0.7971173143586937,0.8507462686567164,0.0,0.0,0.0,0.7828678839957036
SVC_poly,,label,minmax,True,False,True,0.8356456776947705,0.0,0.0,0.0,0.7055530676220331,0.8507462686567164,0.0,0.0,0.0,0.6826351593268887
SVC_poly,,label,minmax,True,False,False,0.8356456776947705,0.0,0.0,0.0,0.7055530676220331,0.8507462686567164,0.0,0.0,0.0,0.6826351593268887
SVC_poly,,label,minmax,False,True,False,0.8356456776947705,0.0,0.0,0.0,0.7818579887545404,0.8507462686567164,0.0,0.0,0.0,0.7675886143931256
SVC_poly,,label,minmax,False,False,True,0.8356456776947705,0.0,0.0,0.0,0.6966877311704898,0.8507462686567164,0.0,0.0,0.0,0.6611707841031149
SVC_poly,,label,minmax,False,False,False,0.8356456776947705,0.0,0.0,0.0,0.6966877311704898,0.8507462686567164,0.0,0.0,0.0,0.6611707841031149
SVC_poly,,label,standard,True,True,False,0.8356456776947705,0.0,0.0,0.0,0.7408153787464132,0.8507462686567164,0.0,0.0,0.0,0.7052363050483352
SVC_poly,,label,standard,True,False,True,0.8356456776947705,0.0,0.0,0.0,0.8213663730905111,0.8507462686567164,0.0,0.0,0.0,0.8116899391335481
SVC_poly,,label,standard,True,False,False,0.8356456776947705,0.0,0.0,0.0,0.8213663730905111,0.8507462686567164,0.0,0.0,0.0,0.8116899391335481
SVC_poly,,label,standard,False,True,False,0.8356456776947705,0.0,0.0,0.0,0.7690368380023552,0.8507462686567164,0.0,0.0,0.0,0.7550662370211242
SVC_poly,,label,standard,False,False,True,0.8356456776947705,0.0,0.0,0.0,0.8144250385629697,0.8507462686567164,0.0,0.0,0.0,0.805844969566774
SVC_poly,,label,standard,False,False,False,0.8356456776947705,0.0,0.0,0.0,0.8144250385629697,0.8507462686567164,0.0,0.0,0.0,0.805844969566774
SVC_poly,,feature-extraction,minmax,True,False,True,0.96051227321238,0.8633540372670807,0.9025974025974026,0.8825396825396825,0.9883067124446436,0.9562899786780384,0.8721804511278195,0.8285714285714286,0.8498168498168498,0.98703007518797
SVC_poly,,feature-extraction,minmax,True,False,False,0.96051227321238,0.8633540372670807,0.9025974025974026,0.8825396825396825,0.9883067124446436,0.9562899786780384,0.8721804511278195,0.8285714285714286,0.8498168498168498,0.98703007518797
SVC_poly,,feature-extraction,minmax,False,False,True,0.9562433297758804,0.864516129032258,0.8701298701298701,0.8673139158576052,0.9877344877344876,0.9509594882729212,0.8455882352941176,0.8214285714285714,0.8333333333333334,0.9845059076262084
SVC_poly,,feature-extraction,minmax,False,False,False,0.9562433297758804,0.864516129032258,0.8701298701298701,0.8673139158576052,0.9877344877344876,0.9509594882729212,0.8455882352941176,0.8214285714285714,0.8333333333333334,0.9845059076262084
SVC_poly,,feature-extraction,standard,True,False,True,0.9477054429028816,0.8523489932885906,0.8246753246753247,0.8382838283828383,0.9739430429085604,0.94136460554371,0.8346456692913385,0.7571428571428571,0.7940074906367042,0.97734514858575
SVC_poly,,feature-extraction,standard,True,False,False,0.9477054429028816,0.8523489932885906,0.8246753246753247,0.8382838283828383,0.9739430429085604,0.94136460554371,0.8346456692913385,0.7571428571428571,0.7940074906367042,0.97734514858575
SVC_poly,,feature-extraction,standard,False,False,True,0.9327641408751334,0.8473282442748091,0.7207792207792207,0.7789473684210526,0.97077507422335,0.9275053304904052,0.8,0.6857142857142857,0.7384615384615385,0.970076978159685
SVC_poly,,feature-extraction,standard,False,False,False,0.9327641408751334,0.8473282442748091,0.7207792207792207,0.7789473684210526,0.97077507422335,0.9275053304904052,0.8,0.6857142857142857,0.7384615384615385,0.970076978159685
SVC_poly,iqr,label,minmax,True,True,False,0.8356456776947705,0.0,0.0,0.0,0.843467515881309,0.8507462686567164,0.0,0.0,0.0,0.8273630504833512
SVC_poly,iqr,label,minmax,True,False,True,0.8356456776947705,0.0,0.0,0.0,0.7690119586671311,0.8507462686567164,0.0,0.0,0.0,0.7537414965986394
SVC_poly,iqr,label,minmax,True,False,False,0.8356456776947705,0.0,0.0,0.0,0.7690119586671311,0.8507462686567164,0.0,0.0,0.0,0.7537414965986394
SVC_poly,iqr,label,minmax,False,True,False,0.8356456776947705,0.0,0.0,0.0,0.8200394752118889,0.8507462686567164,0.0,0.0,0.0,0.7980934479054781
SVC_poly,iqr,label,minmax,False,False,True,0.8356456776947705,0.0,0.0,0.0,0.757244033106102,0.8507462686567164,0.0,0.0,0.0,0.74109380594343
SVC_poly,iqr,label,minmax,False,False,False,0.8356456776947705,0.0,0.0,0.0,0.757244033106102,0.8507462686567164,0.0,0.0,0.0,0.74109380594343
SVC_poly,iqr,label,standard,True,True,False,0.8356456776947705,0.0,0.0,0.0,0.8324127979300393,0.8507462686567164,0.0,0.0,0.0,0.8270229144289295
SVC_poly,iqr,label,standard,True,False,True,0.8356456776947705,0.0,0.0,0.0,0.8807118807118807,0.8507462686567164,0.0,0.0,0.0,0.8678213390619406
SVC_poly,iqr,label,standard,True,False,False,0.8356456776947705,0.0,0.0,0.0,0.8807118807118807,0.8507462686567164,0.0,0.0,0.0,0.8678213390619406
SVC_poly,iqr,label,standard,False,True,False,0.8356456776947705,0.0,0.0,0.0,0.7801247284005904,0.8507462686567164,0.0,0.0,0.0,0.7381399928392411
SVC_poly,iqr,label,standard,False,False,True,0.8356456776947705,0.0,0.0,0.0,0.8778175847141365,0.8507462686567164,0.0,0.0,0.0,0.8507250268528465
SVC_poly,iqr,label,standard,False,False,False,0.8356456776947705,0.0,0.0,0.0,0.8778175847141365,0.8507462686567164,0.0,0.0,0.0,0.8507250268528465
SVC_poly,iqr,feature-extraction,minmax,True,False,True,0.928495197438634,0.7253886010362695,0.9090909090909092,0.8069164265129684,0.9642401021711366,0.9253731343283582,0.7134146341463414,0.8357142857142857,0.7697368421052632,0.9551199427139276
SVC_poly,iqr,feature-extraction,minmax,True,False,False,0.928495197438634,0.7253886010362695,0.9090909090909092,0.8069164265129684,0.9642401021711366,0.9253731343283582,0.7134146341463414,0.8357142857142857,0.7697368421052632,0.9551199427139276
SVC_poly,iqr,feature-extraction,minmax,False,False,True,0.943436499466382,0.7821229050279329,0.9090909090909092,0.8408408408408409,0.9716624371796784,0.9371002132196162,0.7547169811320755,0.8571428571428571,0.802675585284281,0.9662638739706408
SVC_poly,iqr,feature-extraction,minmax,False,False,False,0.943436499466382,0.7821229050279329,0.9090909090909092,0.8408408408408409,0.9716624371796784,0.9371002132196162,0.7547169811320755,0.8571428571428571,0.802675585284281,0.9662638739706408
SVC_poly,iqr,feature-extraction,standard,True,False,True,0.8932764140875133,0.6534090909090909,0.7467532467532467,0.696969696969697,0.9073410625134762,0.917910447761194,0.6909090909090909,0.8142857142857143,0.7475409836065574,0.920282849982098
SVC_poly,iqr,feature-extraction,standard,True,False,False,0.8932764140875133,0.6534090909090909,0.7467532467532467,0.696969696969697,0.9073410625134762,0.917910447761194,0.6909090909090909,0.8142857142857143,0.7475409836065574,0.920282849982098
SVC_poly,iqr,feature-extraction,standard,False,False,True,0.9146211312700108,0.75,0.7207792207792207,0.7350993377483444,0.9015690567414704,0.9264392324093816,0.7709923664122137,0.7214285714285714,0.7453874538745388,0.9170515574650911
SVC_poly,iqr,feature-extraction,standard,False,False,False,0.9146211312700108,0.75,0.7207792207792207,0.7350993377483444,0.9015690567414704,0.9264392324093816,0.7709923664122137,0.7214285714285714,0.7453874538745388,0.9170515574650911
SVC_poly,zscore,label,minmax,True,True,False,0.8356456776947705,0.0,0.0,0.0,0.8104194655918794,0.8507462686567164,0.0,0.0,0.0,0.7885069817400645
SVC_poly,zscore,label,minmax,True,False,True,0.8356456776947705,0.0,0.0,0.0,0.6833109419316317,0.8507462686567164,0.0,0.0,0.0,0.6744092373791621
SVC_poly,zscore,label,minmax,True,False,False,0.8356456776947705,0.0,0.0,0.0,0.6833109419316317,0.8507462686567164,0.0,0.0,0.0,0.6744092373791621
SVC_poly,zscore,label,minmax,False,True,False,0.8356456776947705,0.0,0.0,0.0,0.8039176659866315,0.8507462686567164,0.0,0.0,0.0,0.7844880057286072
SVC_poly,zscore,label,minmax,False,False,True,0.8356456776947705,0.0,0.0,0.0,0.701141132175615,0.8507462686567164,0.0,0.0,0.0,0.6827425707124956
SVC_poly,zscore,label,minmax,False,False,False,0.8356456776947705,0.0,0.0,0.0,0.701141132175615,0.8507462686567164,0.0,0.0,0.0,0.6827425707124956
SVC_poly,zscore,label,standard,True,True,False,0.8356456776947705,0.0,0.0,0.0,0.7820321441011095,0.8507462686567164,0.0,0.0,0.0,0.765359828141783
SVC_poly,zscore,label,standard,True,False,True,0.8356456776947705,0.0,0.0,0.0,0.8505415401967127,0.8507462686567164,0.0,0.0,0.0,0.8441818832796276
SVC_poly,zscore,label,standard,True,False,False,0.8356456776947705,0.0,0.0,0.0,0.8505415401967127,0.8507462686567164,0.0,0.0,0.0,0.8441818832796276
SVC_poly,zscore,label,standard,False,True,False,0.8356456776947705,0.0,0.0,0.0,0.7506427161599576,0.8507462686567164,0.0,0.0,0.0,0.7226279985678482
SVC_poly,zscore,label,standard,False,False,True,0.8356456776947705,0.0,0.0,0.0,0.8221625118176843,0.8507462686567164,0.0,0.0,0.0,0.8083154314357323
SVC_poly,zscore,label,standard,False,False,False,0.8356456776947705,0.0,0.0,0.0,0.8221625118176843,0.8507462686567164,0.0,0.0,0.0,0.8083154314357323
SVC_poly,zscore,feature-extraction,minmax,True,False,True,0.9541088580576308,0.8404907975460123,0.8896103896103896,0.8643533123028391,0.981216101905757,0.960554371002132,0.8872180451127819,0.8428571428571429,0.8644688644688645,0.9866720372359472
SVC_poly,zscore,feature-extraction,minmax,True,False,False,0.9541088580576308,0.8404907975460123,0.8896103896103896,0.8643533123028391,0.981216101905757,0.960554371002132,0.8872180451127819,0.8428571428571429,0.8644688644688645,0.9866720372359472
SVC_poly,zscore,feature-extraction,minmax,False,False,True,0.951974386339381,0.8343558282208589,0.8831168831168831,0.8580441640378549,0.9766714766714768,0.9594882729211088,0.8805970149253731,0.8428571428571429,0.8613138686131386,0.983467597565342
SVC_poly,zscore,feature-extraction,minmax,False,False,False,0.951974386339381,0.8343558282208589,0.8831168831168831,0.8580441640378549,0.9766714766714768,0.9594882729211088,0.8805970149253731,0.8428571428571429,0.8613138686131386,0.983467597565342
SVC_poly,zscore,feature-extraction,standard,True,False,True,0.9316969050160084,0.7922077922077922,0.7922077922077922,0.7922077922077922,0.9672753810684844,0.9371002132196162,0.8091603053435115,0.7571428571428571,0.7822878228782287,0.9575993555316864
SVC_poly,zscore,feature-extraction,standard,True,False,False,0.9316969050160084,0.7922077922077922,0.7922077922077922,0.7922077922077922,0.9672753810684844,0.9371002132196162,0.8091603053435115,0.7571428571428571,0.7822878228782287,0.9575993555316864
SVC_poly,zscore,feature-extraction,standard,False,False,True,0.9306296691568836,0.8068965517241379,0.7597402597402597,0.782608695652174,0.9626478247167902,0.9264392324093816,0.7795275590551181,0.7071428571428572,0.7415730337078652,0.9629967776584318
SVC_poly,zscore,feature-extraction,standard,False,False,False,0.9306296691568836,0.8068965517241379,0.7597402597402597,0.782608695652174,0.9626478247167902,0.9264392324093816,0.7795275590551181,0.7071428571428572,0.7415730337078652,0.9629967776584318
SVC_rbf,,label,minmax,True,True,False,0.8356456776947705,0.0,0.0,0.0,0.7199333233815993,0.8507462686567164,0.0,0.0,0.0,0.7182062298603651
SVC_rbf,,label,minmax,True,False,True,0.8356456776947705,0.0,0.0,0.0,0.7649068683551443,0.8507462686567164,0.0,0.0,0.0,0.7448263515932689
SVC_rbf,,label,minmax,True,False,False,0.8356456776947705,0.0,0.0,0.0,0.7649068683551443,0.8507462686567164,0.0,0.0,0.0,0.7448263515932689
SVC_rbf,,label,minmax,False,True,False,0.8356456776947705,0.0,0.0,0.0,0.6505365643296678,0.8507462686567164,0.0,0.0,0.0,0.657250268528464
SVC_rbf,,label,minmax,False,False,True,0.8356456776947705,0.0,0.0,0.0,0.7476654890447993,0.8507462686567164,0.0,0.0,0.0,0.7353920515574651
SVC_rbf,,label,minmax,False,False,False,0.8356456776947705,0.0,0.0,0.0,0.7476654890447993,0.8507462686567164,0.0,0.0,0.0,0.7353920515574651
SVC_rbf,,label,standard,True,True,False,0.8356456776947705,0.0,0.0,0.0,0.6900864142243452,0.8507462686567164,0.0,0.0,0.0,0.6674633011099176
SVC_rbf,,label,standard,True,False,True,0.8356456776947705,0.0,0.0,0.0,0.9031945066427824,0.8507462686567164,0.0,0.0,0.0,0.899982098102399
SVC_rbf,,label,standard,True,False,False,0.8356456776947705,0.0,0.0,0.0,0.9031945066427824,0.8507462686567164,0.0,0.0,0.0,0.899982098102399
SVC_rbf,,label,standard,False,True,False,0.8356456776947705,0.0,0.0,0.0,0.715969215969216,0.8507462686567164,0.0,0.0,0.0,0.6831364124597208
SVC_rbf,,label,standard,False,False,True,0.8356456776947705,0.0,0.0,0.0,0.9050106981141464,0.8507462686567164,0.0,0.0,0.0,0.9010114572144649
SVC_rbf,,label,standard,False,False,False,0.8356456776947705,0.0,0.0,0.0,0.9050106981141464,0.8507462686567164,0.0,0.0,0.0,0.9010114572144649
SVC_rbf,,feature-extraction,minmax,True,False,True,0.9466382070437568,0.8768115942028986,0.7857142857142857,0.8287671232876712,0.984616277719726,0.9498933901918976,0.8444444444444444,0.8142857142857143,0.8290909090909091,0.985221983530254
SVC_rbf,,feature-extraction,minmax,True,False,False,0.9466382070437568,0.8768115942028986,0.7857142857142857,0.8287671232876712,0.984616277719726,0.9498933901918976,0.8444444444444444,0.8142857142857143,0.8290909090909091,0.985221983530254
SVC_rbf,,feature-extraction,minmax,False,False,True,0.9381003201707576,0.8582089552238806,0.7467532467532467,0.7986111111111112,0.9824020168847756,0.9498933901918976,0.8549618320610687,0.8,0.8265682656826568,0.9830558539205156
SVC_rbf,,feature-extraction,minmax,False,False,False,0.9381003201707576,0.8582089552238806,0.7467532467532467,0.7986111111111112,0.9824020168847756,0.9498933901918976,0.8549618320610687,0.8,0.8265682656826568,0.9830558539205156
SVC_rbf,,feature-extraction,standard,True,False,True,0.9637139807897546,0.9166666666666666,0.8571428571428571,0.8859060402684564,0.9890199200544028,0.9584221748400852,0.8796992481203008,0.8357142857142857,0.8571428571428571,0.9873254564983888
SVC_rbf,,feature-extraction,standard,True,False,False,0.9637139807897546,0.9166666666666666,0.8571428571428571,0.8859060402684564,0.9890199200544028,0.9584221748400852,0.8796992481203008,0.8357142857142857,0.8571428571428571,0.9873254564983888
SVC_rbf,,feature-extraction,standard,False,False,True,0.9583778014941302,0.891156462585034,0.8506493506493507,0.8704318936877077,0.987784246404936,0.9520255863539444,0.8571428571428571,0.8142857142857143,0.8351648351648352,0.9862692445399212
SVC_rbf,,feature-extraction,standard,False,False,False,0.9583778014941302,0.891156462585034,0.8506493506493507,0.8704318936877077,0.987784246404936,0.9520255863539444,0.8571428571428571,0.8142857142857143,0.8351648351648352,0.9862692445399212
SVC_rbf,iqr,label,minmax,True,True,False,0.8356456776947705,0.0,0.0,0.0,0.6855417889900648,0.8507462686567164,0.0,0.0,0.0,0.6564625850340136
SVC_rbf,iqr,label,minmax,True,False,True,0.8356456776947705,0.0,0.0,0.0,0.7234827752069131,0.8507462686567164,0.0,0.0,0.0,0.7577873254564984
SVC_rbf,iqr,label,minmax,True,False,False,0.8356456776947705,0.0,0.0,0.0,0.7234827752069131,0.8507462686567164,0.0,0.0,0.0,0.7577873254564984
SVC_rbf,iqr,label,minmax,False,True,False,0.8356456776947705,0.0,0.0,0.0,0.7180922525750112,0.8507462686567164,0.0,0.0,0.0,0.6840225563909775
SVC_rbf,iqr,label,minmax,False,False,True,0.8356456776947705,0.0,0.0,0.0,0.7595412250584664,0.8507462686567164,0.0,0.0,0.0,0.7364661654135338
SVC_rbf,iqr,label,minmax,False,False,False,0.8356456776947705,0.0,0.0,0.0,0.7595412250584664,0.8507462686567164,0.0,0.0,0.0,0.7364661654135338
SVC_rbf,iqr,label,standard,True,True,False,0.8356456776947705,0.0,0.0,0.0,0.8196994576304921,0.8507462686567164,0.0,0.0,0.0,0.7811224489795917
SVC_rbf,iqr,label,standard,True,False,True,0.8356456776947705,0.0,0.0,0.0,0.8509810751190061,0.8507462686567164,0.0,0.0,0.0,0.8329842463301109
SVC_rbf,iqr,label,standard,True,False,False,0.8356456776947705,0.0,0.0,0.0,0.8509810751190061,0.8507462686567164,0.0,0.0,0.0,0.8329842463301109
SVC_rbf,iqr,label,standard,False,True,False,0.8356456776947705,0.0,0.0,0.0,0.7203811514156342,0.8507462686567164,0.0,0.0,0.0,0.6790547798066595
SVC_rbf,iqr,label,standard,False,False,True,0.8356456776947705,0.0,0.0,0.0,0.8368579058234231,0.8507462686567164,0.0,0.0,0.0,0.8118868600071607
SVC_rbf,iqr,label,standard,False,False,False,0.8356456776947705,0.0,0.0,0.0,0.8368579058234231,0.8507462686567164,0.0,0.0,0.0,0.8118868600071607
SVC_rbf,iqr,feature-extraction,minmax,True,False,True,0.9391675560298826,0.8702290076335878,0.7402597402597403,0.8,0.9581612512646996,0.9328358208955224,0.8407079646017699,0.6785714285714286,0.7509881422924901,0.9476682778374508
SVC_rbf,iqr,feature-extraction,minmax,True,False,False,0.9391675560298826,0.8702290076335878,0.7402597402597403,0.8,0.9581612512646996,0.9328358208955224,0.8407079646017699,0.6785714285714286,0.7509881422924901,0.9476682778374508
SVC_rbf,iqr,feature-extraction,minmax,False,False,True,0.80042689434365,0.4469453376205787,0.9025974025974026,0.5978494623655914,0.9465052827121794,0.7963752665245203,0.4092526690391459,0.8214285714285714,0.5463182897862233,0.9367257429287504
SVC_rbf,iqr,feature-extraction,minmax,False,False,False,0.80042689434365,0.4469453376205787,0.9025974025974026,0.5978494623655914,0.9465052827121794,0.7963752665245203,0.4092526690391459,0.8214285714285714,0.5463182897862233,0.9367257429287504
SVC_rbf,iqr,feature-extraction,standard,True,False,True,0.9231590181430096,0.7808219178082192,0.7402597402597403,0.76,0.9486283193179744,0.9275053304904052,0.7950819672131147,0.6928571428571428,0.7404580152671756,0.9425438596491228
SVC_rbf,iqr,feature-extraction,standard,True,False,False,0.9231590181430096,0.7808219178082192,0.7402597402597403,0.76,0.9486283193179744,0.9275053304904052,0.7950819672131147,0.6928571428571428,0.7404580152671756,0.9425438596491228
SVC_rbf,iqr,feature-extraction,standard,False,False,True,0.80042689434365,0.4466019417475728,0.8961038961038961,0.5961123110151187,0.94537327295948,0.7867803837953091,0.3928571428571428,0.7857142857142857,0.5238095238095238,0.9268886501969208
SVC_rbf,iqr,feature-extraction,standard,False,False,False,0.80042689434365,0.4466019417475728,0.8961038961038961,0.5961123110151187,0.94537327295948,0.7867803837953091,0.3928571428571428,0.7857142857142857,0.5238095238095238,0.9268886501969208
SVC_rbf,zscore,label,minmax,True,True,False,0.8356456776947705,0.0,0.0,0.0,0.7140783864921795,0.8507462686567164,0.0,0.0,0.0,0.6959362692445399
SVC_rbf,zscore,label,minmax,True,False,True,0.8356456776947705,0.0,0.0,0.0,0.6981224395017499,0.8507462686567164,0.0,0.0,0.0,0.7000805585392051
SVC_rbf,zscore,label,minmax,True,False,False,0.8356456776947705,0.0,0.0,0.0,0.6981224395017499,0.8507462686567164,0.0,0.0,0.0,0.7000805585392051
SVC_rbf,zscore,label,minmax,False,True,False,0.8356456776947705,0.0,0.0,0.0,0.7361961155064604,0.8507462686567164,0.0,0.0,0.0,0.70890619405657
SVC_rbf,zscore,label,minmax,False,False,True,0.8356456776947705,0.0,0.0,0.0,0.675789089582193,0.8507462686567164,0.0,0.0,0.0,0.7028643036161832
SVC_rbf,zscore,label,minmax,False,False,False,0.8356456776947705,0.0,0.0,0.0,0.675789089582193,0.8507462686567164,0.0,0.0,0.0,0.7028643036161832
SVC_rbf,zscore,label,standard,True,True,False,0.8356456776947705,0.0,0.0,0.0,0.7431540362574846,0.8507462686567164,0.0,0.0,0.0,0.7048782670963122
SVC_rbf,zscore,label,standard,True,False,True,0.8356456776947705,0.0,0.0,0.0,0.8860028860028859,0.8507462686567164,0.0,0.0,0.0,0.8905388471177945
SVC_rbf,zscore,label,standard,True,False,False,0.8356456776947705,0.0,0.0,0.0,0.8860028860028859,0.8507462686567164,0.0,0.0,0.0,0.8905388471177945
SVC_rbf,zscore,label,standard,False,True,False,0.8356456776947705,0.0,0.0,0.0,0.7129339370718681,0.8507462686567164,0.0,0.0,0.0,0.6652613677049768
SVC_rbf,zscore,label,standard,False,False,True,0.8356456776947705,0.0,0.0,0.0,0.8826690550828482,0.8507462686567164,0.0,0.0,0.0,0.8836824203365559
SVC_rbf,zscore,label,standard,False,False,False,0.8356456776947705,0.0,0.0,0.0,0.8826690550828482,0.8507462686567164,0.0,0.0,0.0,0.8836824203365559
SVC_rbf,zscore,feature-extraction,minmax,True,False,True,0.9541088580576308,0.8936170212765957,0.8181818181818182,0.8542372881355932,0.9856860891343652,0.9541577825159916,0.888,0.7928571428571428,0.8377358490566038,0.987934121016828
SVC_rbf,zscore,feature-extraction,minmax,True,False,False,0.9541088580576308,0.8936170212765957,0.8181818181818182,0.8542372881355932,0.9856860891343652,0.9541577825159916,0.888,0.7928571428571428,0.8377358490566038,0.987934121016828
SVC_rbf,zscore,feature-extraction,minmax,False,False,True,0.953041622198506,0.8716216216216216,0.8376623376623377,0.8543046357615894,0.9841767427974324,0.9488272921108742,0.859375,0.7857142857142857,0.8208955223880597,0.9859738632295024
SVC_rbf,zscore,feature-extraction,minmax,False,False,False,0.953041622198506,0.8716216216216216,0.8376623376623377,0.8543046357615894,0.9841767427974324,0.9488272921108742,0.859375,0.7857142857142857,0.8208955223880597,0.9859738632295024
SVC_rbf,zscore,feature-extraction,standard,True,False,True,0.9551760939167556,0.8835616438356164,0.8376623376623377,0.86,0.9858519513691928,0.9541577825159916,0.888,0.7928571428571428,0.8377358490566038,0.984514858575009
SVC_rbf,zscore,feature-extraction,standard,True,False,False,0.9551760939167556,0.8835616438356164,0.8376623376623377,0.86,0.9858519513691928,0.9541577825159916,0.888,0.7928571428571428,0.8377358490566038,0.984514858575009
SVC_rbf,zscore,feature-extraction,standard,False,False,True,0.951974386339381,0.8811188811188811,0.8181818181818182,0.8484848484848485,0.9837537940986216,0.9541577825159916,0.907563025210084,0.7714285714285715,0.833976833976834,0.9838166845685644
SVC_rbf,zscore,feature-extraction,standard,False,False,False,0.951974386339381,0.8811188811188811,0.8181818181818182,0.8484848484848485,0.9837537940986216,0.9541577825159916,0.907563025210084,0.7714285714285715,0.833976833976834,0.9838166845685644
